university_id,academic_reputation_rank,academic_reputation_score,year
740,1,100.0,2021
665,2,100.0,2021
556,3,100.0,2021
645,4,100.0,2021
702,5,100.0,2021
640,6,100.0,2021
134,7,100.0,2021
415,8,100.0,2021
201,9,99.9,2021
374,10,99.9,2021
147,11,99.7,2021
311,13,99.4,2021
247,14,99.4,2021
514,15,99.3,2021
711,16,99.2,2021
253,17,99.1,2021
466,18,98.9,2021
485,19,98.7,2021
706,20,98.6,2021
571,21,98.5,2021
469,22,98.5,2021
508,23,98.2,2021
345,24,98.1,2021
83,25,98.0,2021
570,26,97.9,2021
674,27,97.4,2021
590,28,97.1,2021
518,29,97.0,2021
38,30,96.1,2021
291,31,95.8,2021
599,32,95.6,2021
626,33,95.3,2021
211,34,94.0,2021
157,35,93.3,2021
734,36,92.9,2021
198,37,92.3,2021
234,38,91.9,2021
475,39,91.8,2021
94,40,91.1,2021
87,41,90.3,2021
522,42,90.1,2021
93,43,90.0,2021
717,44,89.8,2021
89,45,89.8,2021
496,46,89.0,2021
623,47,88.9,2021
560,48,88.6,2021
424,49,88.3,2021
671,50,88.2,2021
144,51,87.7,2021
530,52,87.4,2021
572,53,86.8,2021
127,54,86.7,2021
110,55,85.9,2021
305,56,85.6,2021
359,57,85.2,2021
267,58,85.1,2021
691,59,84.9,2021
533,60,84.7,2021
564,61,83.8,2021
743,62,83.4,2021
690,63,82.5,2021
228,64,82.3,2021
235,65,80.9,2021
165,66,80.6,2021
427,67,80.4,2021
115,68,80.1,2021
117,69,79.6,2021
636,70,78.4,2021
558,71,77.3,2021
190,72,75.8,2021
342,73,75.5,2021
344,74,75.5,2021
187,75,75.2,2021
68,76,74.9,2021
142,77,74.3,2021
81,78,74.1,2021
322,79,73.9,2021
525,80,73.3,2021
586,81,73.3,2021
19,82,73.0,2021
74,83,72.8,2021
302,84,70.7,2021
646,85,70.6,2021
202,86,70.2,2021
90,87,70.0,2021
461,88,69.3,2021
528,89,69.3,2021
215,90,69.2,2021
400,91,69.2,2021
426,92,68.8,2021
363,93,68.7,2021
468,94,68.3,2021
132,95,68.1,2021
82,96,67.1,2021
567,97,67.0,2021
114,98,66.6,2021
594,99,66.4,2021
388,100,66.3,2021
45,101,66.3,2021
140,102,66.0,2021
252,103,65.3,2021
385,104,64.4,2021
736,105,64.3,2021
216,106,63.6,2021
489,107,63.5,2021
710,108,62.3,2021
666,109,62.0,2021
245,110,61.5,2021
290,111,61.5,2021
124,112,61.4,2021
320,113,61.1,2021
663,114,60.8,2021
397,115,60.7,2021
226,116,60.2,2021
361,117,60.2,2021
714,118,60.1,2021
668,119,60.0,2021
716,120,60.0,2021
84,121,59.9,2021
262,122,59.7,2021
182,123,59.7,2021
113,124,59.4,2021
99,125,58.7,2021
695,126,58.6,2021
386,127,58.1,2021
492,128,58.0,2021
610,129,57.1,2021
299,130,56.0,2021
210,131,55.5,2021
595,132,55.3,2021
264,133,55.1,2021
657,134,55.1,2021
97,135,54.6,2021
569,136,54.6,2021
659,137,54.6,2021
100,138,54.5,2021
606,139,54.1,2021
703,140,54.0,2021
248,141,53.9,2021
214,142,53.8,2021
249,143,53.7,2021
723,144,53.1,2021
624,145,53.0,2021
681,146,52.6,2021
254,147,52.0,2021
719,148,51.9,2021
562,149,51.9,2021
166,150,51.3,2021
314,151,50.9,2021
398,152,50.9,2021
373,153,50.6,2021
521,154,50.6,2021
548,155,50.5,2021
285,156,50.4,2021
158,157,50.2,2021
520,158,49.7,2021
656,159,49.5,2021
733,160,49.5,2021
652,161,49.2,2021
273,162,49.0,2021
395,163,48.7,2021
479,164,48.4,2021
334,165,48.0,2021
277,166,47.4,2021
284,167,46.5,2021
377,168,46.2,2021
622,169,46.2,2021
515,170,46.0,2021
732,171,45.6,2021
174,172,45.3,2021
713,173,45.1,2021
737,174,44.9,2021
491,175,44.7,2021
103,176,44.3,2021
328,177,44.2,2021
534,178,43.9,2021
501,179,43.7,2021
730,180,43.6,2021
669,181,43.6,2021
598,182,43.4,2021
680,183,43.4,2021
684,184,43.4,2021
181,185,43.3,2021
689,186,43.2,2021
672,187,43.1,2021
539,188,43.0,2021
438,189,42.9,2021
192,190,42.8,2021
552,191,42.6,2021
538,192,42.6,2021
617,194,42.0,2021
333,196,41.7,2021
679,197,41.7,2021
612,198,41.7,2021
615,199,41.3,2021
693,200,41.2,2021
203,201,41.2,2021
452,202,41.0,2021
412,203,40.9,2021
146,204,40.7,2021
12,205,40.6,2021
387,206,40.0,2021
120,208,39.7,2021
375,209,39.6,2021
394,210,39.6,2021
233,211,39.4,2021
497,212,39.2,2021
270,213,38.9,2021
557,214,38.8,2021
603,215,38.6,2021
577,216,38.3,2021
20,217,38.3,2021
130,218,38.3,2021
240,219,38.2,2021
55,220,37.6,2021
602,221,37.6,2021
476,222,37.5,2021
471,223,37.4,2021
504,224,37.3,2021
221,225,37.2,2021
642,226,37.0,2021
188,227,36.9,2021
298,228,36.6,2021
88,229,36.5,2021
414,230,36.3,2021
460,231,36.1,2021
36,232,35.9,2021
353,233,35.6,2021
324,234,35.4,2021
432,235,35.1,2021
354,236,35.0,2021
523,237,34.9,2021
145,238,34.8,2021
317,239,34.7,2021
217,240,34.6,2021
308,241,34.6,2021
462,242,34.5,2021
364,243,34.4,2021
289,244,34.4,2021
35,245,34.3,2021
76,246,34.1,2021
698,247,34.1,2021
402,248,34.0,2021
739,249,33.9,2021
725,250,33.7,2021
565,251,33.6,2021
49,252,33.5,2021
122,253,33.5,2021
692,254,33.4,2021
367,255,33.3,2021
544,256,33.0,2021
236,257,33.0,2021
405,258,32.9,2021
510,259,32.7,2021
7,260,32.4,2021
265,261,32.3,2021
404,262,32.0,2021
152,263,31.8,2021
701,264,31.8,2021
229,265,31.6,2021
633,266,31.5,2021
428,267,31.4,2021
343,268,31.3,2021
287,269,31.3,2021
137,270,31.2,2021
111,271,31.0,2021
316,272,31.0,2021
724,273,30.9,2021
731,274,30.9,2021
697,275,30.8,2021
486,276,30.6,2021
418,277,30.4,2021
434,278,30.2,2021
332,279,30.0,2021
205,280,30.0,2021
312,281,29.8,2021
67,283,29.3,2021
543,284,29.3,2021
91,285,29.2,2021
516,286,29.0,2021
408,287,29.0,2021
185,288,28.9,2021
231,289,28.9,2021
639,290,28.8,2021
682,291,28.8,2021
313,292,28.7,2021
696,293,28.6,2021
685,294,28.6,2021
416,295,28.6,2021
511,296,28.6,2021
23,297,28.4,2021
24,298,28.4,2021
355,299,28.3,2021
259,300,28.3,2021
4,301,28.0,2021
403,302,27.9,2021
446,304,27.7,2021
139,305,27.7,2021
194,306,27.7,2021
65,307,27.5,2021
112,308,27.2,2021
641,309,27.1,2021
213,310,27.0,2021
116,311,26.9,2021
413,312,26.8,2021
498,313,26.4,2021
57,314,26.3,2021
601,315,26.2,2021
526,316,26.2,2021
138,317,26.1,2021
421,318,26.0,2021
576,319,26.0,2021
584,320,25.9,2021
365,321,25.8,2021
263,322,25.6,2021
123,323,25.5,2021
632,324,25.5,2021
653,325,25.5,2021
588,326,25.4,2021
655,327,25.3,2021
14,328,25.3,2021
500,329,25.3,2021
478,330,25.3,2021
163,331,25.2,2021
232,332,25.1,2021
360,333,25.0,2021
705,334,25.0,2021
708,335,24.9,2021
244,336,24.9,2021
340,337,24.8,2021
445,339,24.8,2021
658,340,24.7,2021
237,341,24.7,2021
318,342,24.7,2021
368,343,24.7,2021
563,344,24.6,2021
366,345,24.5,2021
6,346,24.5,2021
136,347,24.4,2021
258,348,24.4,2021
629,349,24.4,2021
78,350,24.3,2021
288,351,24.2,2021
225,352,24.2,2021
358,353,24.0,2021
135,354,23.9,2021
26,355,23.8,2021
524,356,23.8,2021
490,357,23.7,2021
31,358,23.6,2021
593,359,23.5,2021
59,360,23.5,2021
256,361,23.4,2021
568,362,23.4,2021
126,363,23.3,2021
456,364,23.1,2021
455,365,22.8,2021
439,366,22.7,2021
28,367,22.7,2021
243,368,22.6,2021
330,370,22.6,2021
268,371,22.6,2021
186,372,22.5,2021
550,373,22.5,2021
107,374,22.5,2021
399,375,22.4,2021
310,376,22.4,2021
60,377,22.2,2021
42,378,22.0,2021
391,379,21.9,2021
286,380,21.8,2021
109,381,21.7,2021
346,382,21.7,2021
279,383,21.6,2021
369,384,21.6,2021
175,385,21.5,2021
199,387,21.4,2021
25,388,21.3,2021
700,389,21.3,2021
323,391,21.0,2021
619,392,21.0,2021
578,393,20.9,2021
437,394,20.8,2021
271,395,20.8,2021
149,396,20.7,2021
542,397,20.7,2021
607,398,20.6,2021
487,399,20.6,2021
686,400,20.4,2021
401,401,20.4,2021
177,402,20.4,2021
573,403,20.3,2021
39,404,20.3,2021
704,405,20.3,2021
348,406,20.2,2021
410,407,20.2,2021
537,408,20.2,2021
662,409,20.1,2021
409,410,20.1,2021
389,411,20.1,2021
551,412,20.1,2021
592,413,20.0,2021
448,414,20.0,2021
419,415,20.0,2021
56,416,20.0,2021
422,417,20.0,2021
283,418,19.9,2021
64,420,19.9,2021
451,421,19.9,2021
574,422,19.8,2021
423,423,19.8,2021
589,424,19.8,2021
532,425,19.7,2021
741,426,19.7,2021
499,427,19.6,2021
488,428,19.6,2021
608,429,19.6,2021
378,430,19.6,2021
722,431,19.6,2021
280,432,19.5,2021
643,434,19.4,2021
628,435,19.4,2021
549,436,19.3,2021
164,437,19.3,2021
77,438,19.3,2021
70,439,19.3,2021
721,440,19.1,2021
357,441,19.1,2021
495,442,19.0,2021
297,443,19.0,2021
473,444,18.9,2021
261,445,18.8,2021
306,446,18.8,2021
709,447,18.7,2021
33,448,18.7,2021
631,449,18.6,2021
638,450,18.6,2021
224,451,18.6,2021
50,452,18.5,2021
449,453,18.5,2021
11,454,18.5,2021
667,455,18.5,2021
509,456,18.4,2021
196,457,18.3,2021
474,458,18.3,2021
212,459,18.3,2021
150,460,18.3,2021
161,461,18.2,2021
443,462,18.2,2021
95,463,18.2,2021
384,464,18.1,2021
536,466,18.1,2021
447,467,18.0,2021
380,468,18.0,2021
102,469,17.9,2021
531,470,17.9,2021
191,471,17.9,2021
647,472,17.8,2021
372,473,17.8,2021
648,474,17.8,2021
561,475,17.8,2021
519,476,17.7,2021
180,477,17.7,2021
442,478,17.6,2021
429,479,17.6,2021
62,480,17.6,2021
546,481,17.5,2021
677,482,17.3,2021
170,483,17.3,2021
2,484,17.2,2021
281,485,17.2,2021
370,486,17.1,2021
241,487,17.1,2021
172,488,17.1,2021
581,489,17.0,2021
664,490,17.0,2021
119,491,17.0,2021
579,492,17.0,2021
338,493,16.8,2021
604,494,16.8,2021
5,495,16.7,2021
79,496,16.7,2021
587,497,16.6,2021
453,498,16.6,2021
728,499,16.6,2021
720,500,16.5,2021
740,1,100.0,2022
665,2,100.0,2022
556,3,100.0,2022
645,4,100.0,2022
702,5,100.0,2022
640,6,100.0,2022
134,7,100.0,2022
415,8,100.0,2022
201,9,99.9,2022
374,10,99.9,2022
147,11,99.6,2022
514,13,99.5,2022
311,14,99.4,2022
711,15,99.4,2022
247,16,99.2,2022
253,17,98.9,2022
485,18,98.7,2022
706,19,98.7,2022
466,20,98.6,2022
508,21,98.6,2022
571,22,98.4,2022
469,23,98.4,2022
570,24,98.3,2022
83,25,98.0,2022
345,26,97.9,2022
590,27,97.6,2022
674,28,96.8,2022
518,29,96.7,2022
38,30,96.2,2022
291,31,95.9,2022
626,32,95.2,2022
157,33,94.6,2022
599,34,94.6,2022
211,35,93.6,2022
734,36,92.8,2022
198,37,92.5,2022
475,38,92.3,2022
717,39,91.1,2022
234,40,91.0,2022
94,41,90.4,2022
89,42,90.3,2022
522,43,90.2,2022
424,44,90.2,2022
560,45,90.1,2022
144,46,89.6,2022
623,47,88.9,2022
93,48,88.9,2022
87,49,88.8,2022
496,50,88.2,2022
127,51,87.6,2022
572,52,87.5,2022
671,53,86.9,2022
530,54,86.4,2022
110,55,85.4,2022
533,56,84.8,2022
564,57,84.5,2022
267,58,84.4,2022
743,59,84.4,2022
359,60,84.2,2022
691,61,83.8,2022
305,62,83.4,2022
690,63,83.4,2022
228,64,83.1,2022
427,65,82.4,2022
235,66,80.9,2022
115,67,80.6,2022
165,68,80.1,2022
558,69,79.5,2022
187,70,77.6,2022
117,71,77.5,2022
81,72,76.9,2022
322,73,76.7,2022
636,74,76.5,2022
68,75,75.9,2022
342,76,75.8,2022
344,77,74.7,2022
586,78,74.6,2022
19,79,74.4,2022
74,80,73.5,2022
142,81,73.1,2022
525,82,72.7,2022
190,83,72.4,2022
302,84,71.9,2022
468,85,71.6,2022
461,86,71.4,2022
202,87,71.3,2022
528,88,71.2,2022
646,89,70.6,2022
90,90,70.5,2022
215,91,70.2,2022
400,92,69.3,2022
114,93,68.2,2022
426,94,67.8,2022
594,95,67.8,2022
82,96,67.7,2022
252,97,67.2,2022
388,98,67.1,2022
363,99,66.9,2022
132,100,66.3,2022
567,101,66.1,2022
140,102,66.1,2022
385,103,65.5,2022
710,104,65.3,2022
45,105,65.1,2022
663,106,63.9,2022
216,107,63.3,2022
714,108,62.8,2022
666,109,62.0,2022
489,110,61.9,2022
736,111,61.8,2022
397,112,61.5,2022
361,113,61.5,2022
245,114,61.0,2022
84,115,60.8,2022
124,116,60.4,2022
695,117,60.3,2022
262,118,59.6,2022
290,119,59.4,2022
182,120,59.3,2022
99,121,59.2,2022
668,122,59.1,2022
299,123,58.9,2022
595,124,58.8,2022
320,125,58.5,2022
610,125,58.5,2022
492,127,58.3,2022
226,128,58.1,2022
716,129,57.8,2022
214,130,56.7,2022
264,131,56.6,2022
386,132,56.2,2022
569,133,56.1,2022
97,134,56.0,2022
113,135,55.7,2022
606,136,55.7,2022
657,137,55.6,2022
100,138,55.4,2022
358,138,55.5,2022
703,139,54.8,2022
249,140,54.5,2022
166,141,54.5,2022
659,142,53.7,2022
548,143,53.6,2022
210,144,53.3,2022
248,145,52.4,2022
723,146,51.9,2022
314,147,51.5,2022
285,148,51.3,2022
656,149,51.2,2022
373,150,51.1,2022
521,150,51.1,2022
395,152,50.8,2022
158,153,50.8,2022
681,154,50.7,2022
624,155,50.6,2022
273,156,50.5,2022
562,157,50.2,2022
733,158,50.2,2022
254,159,49.9,2022
719,160,49.7,2022
520,161,49.7,2022
652,162,49.6,2022
398,163,48.7,2022
737,164,47.8,2022
377,165,47.3,2022
277,166,47.2,2022
334,167,46.8,2022
479,168,46.7,2022
515,169,46.7,2022
730,170,46.5,2022
732,171,46.0,2022
501,172,45.8,2022
103,173,45.8,2022
680,174,45.7,2022
684,175,45.7,2022
617,176,45.5,2022
598,177,45.3,2022
622,178,45.3,2022
284,179,45.2,2022
612,180,45.0,2022
174,182,44.4,2022
669,183,44.4,2022
539,184,44.3,2022
412,185,44.1,2022
713,186,44.1,2022
452,187,43.9,2022
491,188,43.5,2022
538,189,43.2,2022
203,190,42.8,2022
387,191,42.8,2022
438,192,42.7,2022
233,193,42.4,2022
534,194,42.3,2022
192,195,42.2,2022
333,196,42.0,2022
689,197,42.0,2022
328,198,41.5,2022
693,199,41.4,2022
120,200,41.4,2022
414,201,41.3,2022
181,202,41.3,2022
615,203,41.3,2022
12,204,41.2,2022
20,205,41.2,2022
679,206,41.0,2022
552,207,40.5,2022
603,208,40.3,2022
375,209,40.0,2022
504,210,40.0,2022
298,211,39.9,2022
146,212,39.9,2022
394,213,39.6,2022
270,214,39.2,2022
240,215,39.2,2022
353,215,39.2,2022
672,216,38.6,2022
36,217,38.6,2022
642,218,38.6,2022
130,219,38.5,2022
602,220,38.0,2022
577,221,37.9,2022
557,222,37.8,2022
497,223,37.8,2022
308,224,37.6,2022
523,225,37.6,2022
462,226,37.5,2022
55,227,37.1,2022
88,228,37.0,2022
188,229,36.8,2022
145,230,36.6,2022
221,231,36.5,2022
324,232,36.2,2022
76,233,36.1,2022
402,234,35.6,2022
289,235,35.4,2022
317,236,35.3,2022
510,237,35.2,2022
217,238,35.2,2022
471,239,34.9,2022
460,240,34.8,2022
236,240,34.8,2022
476,242,34.7,2022
152,243,34.2,2022
565,244,34.2,2022
137,245,34.2,2022
698,246,33.9,2022
692,247,33.8,2022
544,248,33.8,2022
697,249,33.7,2022
354,250,33.7,2022
229,252,33.2,2022
725,253,33.1,2022
35,254,33.1,2022
332,255,32.9,2022
731,256,32.9,2022
367,257,32.8,2022
432,258,32.8,2022
265,259,32.6,2022
739,261,32.5,2022
364,262,32.5,2022
404,263,32.4,2022
49,263,32.4,2022
287,265,32.1,2022
316,266,32.1,2022
111,267,32.0,2022
724,268,31.3,2022
7,269,31.2,2022
205,270,31.0,2022
486,271,30.9,2022
428,272,30.8,2022
312,272,30.8,2022
122,274,30.8,2022
405,275,30.7,2022
633,276,30.4,2022
434,277,30.4,2022
343,278,30.4,2022
701,279,30.3,2022
24,280,30.2,2022
194,281,30.1,2022
511,282,30.1,2022
516,283,30.1,2022
408,284,30.1,2022
67,285,29.9,2022
418,286,29.9,2022
313,287,29.3,2022
682,289,28.9,2022
639,290,28.9,2022
601,291,28.8,2022
355,292,28.8,2022
259,293,28.8,2022
23,294,28.7,2022
446,295,28.7,2022
696,296,28.6,2022
543,297,28.5,2022
413,298,28.3,2022
653,299,28.2,2022
231,300,28.1,2022
576,301,28.0,2022
91,302,28.0,2022
57,303,27.8,2022
123,304,27.8,2022
185,305,27.8,2022
139,306,27.7,2022
685,307,27.6,2022
244,308,27.4,2022
138,309,27.4,2022
78,310,27.4,2022
416,311,27.2,2022
112,312,27.2,2022
526,313,27.1,2022
403,314,27.0,2022
563,315,26.8,2022
258,316,26.8,2022
641,317,26.6,2022
478,318,26.6,2022
498,319,26.6,2022
588,320,26.4,2022
288,321,26.3,2022
213,322,26.2,2022
4,323,26.2,2022
318,324,26.0,2022
655,325,26.0,2022
116,326,25.9,2022
421,327,25.9,2022
340,328,25.8,2022
237,329,25.7,2022
584,330,25.7,2022
6,331,25.5,2022
360,332,25.5,2022
126,333,25.4,2022
456,334,25.4,2022
705,335,25.3,2022
632,336,25.2,2022
263,337,25.2,2022
439,338,25.2,2022
593,339,25.2,2022
365,340,25.0,2022
500,341,25.0,2022
163,342,24.9,2022
65,343,24.9,2022
524,344,24.7,2022
14,345,24.5,2022
629,346,24.4,2022
708,347,24.3,2022
225,348,24.2,2022
310,349,24.1,2022
658,350,24.0,2022
256,351,24.0,2022
366,351,24.0,2022
279,353,23.9,2022
135,354,23.6,2022
369,355,23.6,2022
455,356,23.5,2022
445,357,23.4,2022
619,358,23.3,2022
175,359,23.2,2022
399,360,23.2,2022
368,361,23.1,2022
136,362,23.1,2022
107,362,23.1,2022
109,364,23.0,2022
490,365,22.9,2022
31,366,22.9,2022
550,367,22.8,2022
487,368,22.8,2022
537,369,22.6,2022
346,370,22.6,2022
186,371,22.5,2022
330,372,22.5,2022
28,373,22.4,2022
199,374,22.4,2022
59,375,22.4,2022
568,376,22.3,2022
268,377,22.3,2022
39,378,22.3,2022
26,379,22.1,2022
232,380,22.0,2022
286,381,21.9,2022
56,382,21.8,2022
451,383,21.8,2022
42,384,21.8,2022
549,385,21.6,2022
357,386,21.5,2022
542,387,21.5,2022
271,388,21.4,2022
473,389,21.4,2022
348,390,21.4,2022
422,391,21.2,2022
243,392,21.1,2022
704,393,21.1,2022
531,394,21.0,2022
437,395,21.0,2022
306,396,21.0,2022
574,397,20.8,2022
401,398,20.7,2022
391,399,20.7,2022
499,400,20.7,2022
448,401,20.7,2022
662,402,20.7,2022
409,403,20.6,2022
60,403,20.6,2022
638,405,20.5,2022
25,406,20.5,2022
607,407,20.4,2022
384,408,20.4,2022
70,409,20.4,2022
423,410,20.4,2022
297,411,20.3,2022
686,412,20.3,2022
389,413,20.2,2022
323,414,20.2,2022
551,415,20.2,2022
573,416,20.1,2022
380,417,20.1,2022
177,418,20.1,2022
283,419,20.1,2022
578,420,20.1,2022
212,421,20.0,2022
149,422,20.0,2022
532,423,20.0,2022
700,424,19.9,2022
488,424,19.9,2022
102,426,19.9,2022
509,427,19.8,2022
449,428,19.7,2022
64,429,19.7,2022
280,429,19.7,2022
62,431,19.7,2022
164,432,19.7,2022
410,433,19.6,2022
196,434,19.6,2022
643,435,19.5,2022
378,436,19.5,2022
608,437,19.5,2022
474,437,19.5,2022
77,439,19.4,2022
224,440,19.4,2022
442,441,19.3,2022
721,442,19.3,2022
631,443,19.2,2022
50,444,19.2,2022
370,445,19.1,2022
172,446,19.1,2022
33,447,19.1,2022
161,448,19.0,2022
150,448,19.0,2022
741,450,19.0,2022
628,451,18.9,2022
429,452,18.9,2022
250,453,18.9,2022
604,454,18.9,2022
338,455,18.9,2022
592,456,18.8,2022
519,457,18.7,2022
119,458,18.7,2022
5,459,18.7,2022
261,460,18.7,2022
587,461,18.5,2022
722,462,18.5,2022
95,463,18.5,2022
728,464,18.5,2022
419,465,18.4,2022
43,466,18.3,2022
191,467,18.2,2022
561,468,18.2,2022
246,469,18.1,2022
242,470,18.1,2022
581,471,18.1,2022
362,472,18.0,2022
443,473,18.0,2022
591,474,17.9,2022
546,475,17.9,2022
477,476,17.8,2022
436,477,17.8,2022
589,478,17.8,2022
372,479,17.7,2022
495,480,17.7,2022
11,481,17.7,2022
180,482,17.7,2022
649,483,17.5,2022
79,484,17.5,2022
647,485,17.5,2022
709,486,17.5,2022
281,487,17.4,2022
435,488,17.4,2022
153,489,17.3,2022
648,490,17.2,2022
431,491,17.2,2022
654,492,17.2,2022
300,493,17.0,2022
677,494,17.0,2022
502,495,16.8,2022
664,496,16.8,2022
667,497,16.7,2022
351,498,16.7,2022
483,499,16.6,2022
98,500,16.6,2022
740,1,100.0,2023
665,2,100.0,2023
556,3,100.0,2023
645,4,100.0,2023
702,5,100.0,2023
640,6,100.0,2023
134,7,100.0,2023
415,8,100.0,2023
201,9,99.9,2023
374,10,99.9,2023
147,11,99.7,2023
514,12,99.6,2023
311,14,99.4,2023
711,15,99.3,2023
247,16,99.2,2023
508,17,98.9,2023
485,18,98.6,2023
570,19,98.6,2023
253,20,98.6,2023
706,21,98.6,2023
466,22,98.5,2023
469,23,98.3,2023
571,24,98.3,2023
590,25,98.0,2023
83,26,98.0,2023
345,27,97.4,2023
518,28,96.5,2023
38,29,96.5,2023
674,30,96.2,2023
157,31,96.0,2023
291,32,95.9,2023
626,33,95.1,2023
211,34,93.7,2023
599,35,93.6,2023
198,36,93.3,2023
734,37,92.6,2023
475,38,92.3,2023
424,39,92.3,2023
144,40,91.8,2023
560,41,91.8,2023
717,42,90.4,2023
89,43,90.1,2023
522,44,90.0,2023
234,45,90.0,2023
94,46,89.0,2023
623,47,88.8,2023
572,48,88.1,2023
127,49,87.9,2023
93,50,87.6,2023
87,51,87.3,2023
496,52,86.6,2023
671,53,86.1,2023
530,54,85.6,2023
110,55,84.8,2023
267,56,84.4,2023
564,57,84.0,2023
743,58,83.8,2023
427,59,83.7,2023
533,60,83.6,2023
690,61,82.7,2023
228,62,82.7,2023
305,63,82.4,2023
359,64,82.0,2023
691,65,81.5,2023
235,66,80.7,2023
558,67,80.5,2023
115,68,80.2,2023
322,69,80.0,2023
81,70,79.6,2023
187,71,79.3,2023
165,72,78.7,2023
117,73,78.5,2023
636,74,78.0,2023
68,75,76.7,2023
468,76,75.5,2023
19,77,75.1,2023
342,78,74.4,2023
344,79,74.4,2023
586,80,74.1,2023
74,81,72.8,2023
528,82,72.2,2023
525,83,72.1,2023
202,84,71.9,2023
142,85,71.8,2023
461,86,71.8,2023
302,87,71.6,2023
646,88,70.2,2023
215,89,69.4,2023
594,90,69.2,2023
190,91,69.0,2023
90,92,68.8,2023
710,93,68.7,2023
400,94,68.1,2023
114,95,67.9,2023
567,96,67.8,2023
426,97,67.7,2023
663,98,67.5,2023
388,99,66.1,2023
385,100,66.0,2023
140,101,65.8,2023
132,102,65.5,2023
252,103,65.3,2023
82,104,65.1,2023
363,105,64.8,2023
714,106,64.0,2023
45,107,63.6,2023
595,108,62.9,2023
216,109,62.7,2023
666,110,62.3,2023
84,111,62.2,2023
397,112,61.5,2023
489,113,61.1,2023
245,114,60.5,2023
361,115,60.2,2023
736,116,60.1,2023
99,117,59.8,2023
299,118,59.7,2023
610,119,59.0,2023
668,120,59.0,2023
695,121,58.7,2023
124,122,58.7,2023
166,123,58.1,2023
182,124,58.0,2023
492,125,57.9,2023
214,126,57.9,2023
262,127,57.7,2023
226,128,57.6,2023
264,129,57.4,2023
290,130,57.3,2023
358,131,57.2,2023
548,132,56.8,2023
569,133,56.6,2023
113,134,56.2,2023
716,135,55.9,2023
703,136,55.6,2023
320,137,55.6,2023
97,138,55.6,2023
659,139,55.1,2023
606,140,55.1,2023
100,141,54.9,2023
386,142,54.6,2023
657,143,54.5,2023
249,144,54.0,2023
285,145,53.3,2023
210,146,52.3,2023
248,147,51.6,2023
521,148,51.6,2023
656,149,51.3,2023
373,150,51.3,2023
723,151,51.2,2023
395,152,50.8,2023
314,153,50.7,2023
733,154,50.3,2023
719,155,49.8,2023
158,156,49.7,2023
562,157,49.5,2023
273,158,49.3,2023
617,159,49.1,2023
737,160,49.1,2023
103,161,49.0,2023
730,162,48.9,2023
681,163,48.9,2023
612,164,48.8,2023
652,165,48.7,2023
520,166,48.5,2023
414,167,48.4,2023
412,168,47.5,2023
539,169,47.4,2023
254,170,47.4,2023
452,171,47.2,2023
624,172,47.1,2023
598,173,46.7,2023
398,174,46.5,2023
515,175,46.2,2023
501,176,46.2,2023
277,177,46.0,2023
377,178,45.8,2023
334,179,45.4,2023
680,181,45.3,2023
284,182,45.0,2023
479,183,44.8,2023
732,184,44.7,2023
622,185,44.7,2023
233,186,44.5,2023
684,187,44.5,2023
298,188,43.8,2023
20,189,43.7,2023
713,190,43.6,2023
538,191,43.3,2023
669,192,43.3,2023
387,193,42.8,2023
438,194,42.7,2023
603,195,42.5,2023
504,196,42.1,2023
491,197,42.0,2023
203,198,41.8,2023
174,199,41.8,2023
36,200,41.6,2023
120,201,41.1,2023
308,202,41.0,2023
462,203,41.0,2023
693,204,40.7,2023
192,205,40.7,2023
642,206,40.7,2023
552,207,40.6,2023
333,208,40.5,2023
394,209,40.2,2023
181,210,40.1,2023
534,211,39.9,2023
146,212,39.9,2023
328,213,39.7,2023
679,214,39.7,2023
12,215,39.6,2023
615,216,39.6,2023
689,217,39.5,2023
353,218,38.9,2023
375,218,38.8,2023
240,219,38.8,2023
88,220,38.6,2023
523,221,38.0,2023
76,222,38.0,2023
152,223,37.6,2023
270,224,37.6,2023
137,225,37.5,2023
602,226,37.4,2023
510,227,37.4,2023
577,228,37.4,2023
188,229,37.0,2023
697,230,37.0,2023
497,231,36.7,2023
476,232,36.6,2023
557,233,36.6,2023
55,234,36.6,2023
130,235,36.3,2023
332,236,36.3,2023
236,237,36.1,2023
145,238,36.0,2023
402,239,35.6,2023
221,240,35.2,2023
471,242,34.8,2023
672,244,34.7,2023
111,245,34.5,2023
324,246,34.4,2023
460,247,34.4,2023
544,248,34.3,2023
739,249,34.2,2023
317,250,34.2,2023
731,251,33.9,2023
217,252,33.9,2023
565,253,33.8,2023
289,254,33.2,2023
692,255,33.2,2023
354,256,33.1,2023
316,257,32.7,2023
35,258,32.7,2023
408,259,32.6,2023
364,260,32.5,2023
725,261,32.5,2023
698,262,32.4,2023
511,263,32.0,2023
205,264,31.9,2023
367,265,31.8,2023
516,266,31.7,2023
601,267,31.6,2023
405,268,31.6,2023
653,269,31.2,2023
49,270,31.2,2023
486,271,31.0,2023
194,272,31.0,2023
287,273,30.9,2023
265,274,30.9,2023
229,275,30.9,2023
404,276,30.8,2023
78,277,30.8,2023
428,278,30.8,2023
24,279,30.8,2023
312,280,30.6,2023
432,281,30.6,2023
7,282,30.5,2023
434,283,30.3,2023
446,284,30.3,2023
576,285,30.2,2023
696,286,30.1,2023
244,287,30.1,2023
701,288,29.9,2023
724,289,29.9,2023
343,290,29.4,2023
682,291,29.4,2023
67,292,29.3,2023
633,293,29.2,2023
122,294,29.1,2023
685,295,29.0,2023
418,296,28.9,2023
57,297,28.8,2023
526,298,28.7,2023
543,299,28.5,2023
123,300,28.5,2023
313,301,28.3,2023
563,302,28.3,2023
259,303,28.2,2023
23,304,28.0,2023
355,305,27.9,2023
231,306,27.6,2023
478,307,27.4,2023
639,308,27.3,2023
258,309,27.3,2023
112,310,27.2,2023
279,311,27.2,2023
139,312,27.2,2023
641,313,27.0,2023
456,314,26.9,2023
138,315,26.9,2023
629,316,26.9,2023
439,317,26.8,2023
126,318,26.8,2023
413,319,26.7,2023
310,320,26.6,2023
91,321,26.6,2023
288,322,26.4,2023
593,323,26.3,2023
185,324,26.1,2023
705,325,26.0,2023
6,326,26.0,2023
237,327,26.0,2023
498,328,25.9,2023
116,329,25.9,2023
500,330,25.9,2023
655,331,25.8,2023
340,332,25.6,2023
403,333,25.5,2023
360,334,25.3,2023
537,335,25.2,2023
365,336,25.2,2023
163,337,25.1,2023
531,338,25.1,2023
619,339,25.0,2023
421,340,25.0,2023
213,341,25.0,2023
175,342,24.9,2023
524,343,24.9,2023
588,344,24.9,2023
487,345,24.6,2023
65,346,24.6,2023
14,347,24.5,2023
416,348,24.4,2023
549,349,24.4,2023
357,350,24.2,2023
473,351,24.2,2023
708,352,24.1,2023
584,353,23.9,2023
256,354,23.9,2023
4,355,23.9,2023
632,356,23.8,2023
263,357,23.7,2023
455,358,23.7,2023
28,359,23.4,2023
109,360,23.4,2023
550,361,23.3,2023
135,362,23.2,2023
369,363,23.0,2023
346,364,22.9,2023
384,365,22.8,2023
658,366,22.7,2023
225,367,22.7,2023
107,368,22.7,2023
199,369,22.6,2023
39,370,22.6,2023
297,371,22.5,2023
186,372,22.4,2023
232,373,22.4,2023
318,374,22.2,2023
445,375,22.2,2023
56,376,22.0,2023
62,377,21.9,2023
399,378,21.9,2023
286,379,21.8,2023
368,380,21.8,2023
451,381,21.8,2023
59,382,21.7,2023
136,383,21.7,2023
490,384,21.7,2023
348,385,21.7,2023
271,386,21.6,2023
250,387,21.5,2023
330,388,21.4,2023
306,389,21.4,2023
42,390,21.3,2023
422,391,21.3,2023
26,392,21.2,2023
31,393,21.2,2023
704,394,21.2,2023
442,395,21.2,2023
366,396,21.1,2023
268,397,21.1,2023
638,398,21.0,2023
574,399,20.9,2023
573,400,20.8,2023
448,401,20.8,2023
161,402,20.8,2023
542,403,20.7,2023
391,404,20.7,2023
70,405,20.6,2023
60,406,20.5,2023
436,407,20.5,2023
401,408,20.5,2023
662,409,20.5,2023
338,410,20.4,2023
728,411,20.4,2023
604,412,20.4,2023
568,413,20.4,2023
172,414,20.3,2023
43,415,20.3,2023
242,416,20.3,2023
449,417,20.2,2023
437,418,20.2,2023
370,419,20.1,2023
25,420,20.1,2023
499,421,20.0,2023
380,422,20.0,2023
409,423,20.0,2023
33,424,20.0,2023
532,425,20.0,2023
283,426,20.0,2023
509,427,19.9,2023
102,428,19.8,2023
607,429,19.8,2023
177,430,19.8,2023
389,431,19.8,2023
608,432,19.8,2023
551,433,19.7,2023
300,434,19.7,2023
477,435,19.7,2023
5,436,19.6,2023
429,437,19.6,2023
356,438,19.5,2023
243,439,19.5,2023
119,440,19.5,2023
591,441,19.4,2023
721,442,19.4,2023
435,443,19.4,2023
329,444,19.4,2023
378,445,19.3,2023
578,446,19.3,2023
643,447,19.2,2023
474,448,19.1,2023
519,449,19.1,2023
587,450,19.1,2023
212,451,19.1,2023
686,452,19.1,2023
423,453,18.9,2023
77,454,18.9,2023
631,455,18.8,2023
323,456,18.7,2023
628,457,18.7,2023
735,458,18.7,2023
50,459,18.7,2023
98,460,18.6,2023
246,461,18.6,2023
64,462,18.6,2023
164,463,18.6,2023
635,464,18.5,2023
261,465,18.5,2023
488,466,18.4,2023
224,467,18.4,2023
280,468,18.4,2023
196,469,18.3,2023
410,470,18.3,2023
741,471,18.3,2023
149,472,18.2,2023
191,473,18.2,2023
581,474,18.2,2023
180,475,18.2,2023
79,476,18.1,2023
561,477,18.1,2023
649,478,18.0,2023
150,479,18.0,2023
275,480,18.0,2023
722,481,17.9,2023
700,482,17.9,2023
443,483,17.8,2023
546,484,17.8,2023
281,485,17.8,2023
372,486,17.7,2023
592,487,17.7,2023
362,488,17.6,2023
239,489,17.5,2023
325,490,17.5,2023
238,491,17.3,2023
351,492,17.2,2023
431,493,17.1,2023
153,494,17.1,2023
95,495,17.0,2023
513,496,17.0,2023
677,497,17.0,2023
2,498,16.9,2023
170,499,16.9,2023
382,500,16.9,2023
740,1,100.0,2024
556,2,100.0,2024
665,3,100.0,2024
702,4,100.0,2024
645,5,100.0,2024
640,6,100.0,2024
134,7,100.0,2024
415,8,100.0,2024
201,9,99.9,2024
374,10,99.8,2024
514,11,99.7,2024
147,12,99.6,2024
311,13,99.5,2024
711,14,99.4,2024
508,16,99.1,2024
247,17,99.1,2024
570,18,99.0,2024
485,19,98.8,2024
706,20,98.7,2024
253,21,98.4,2024
466,22,98.3,2024
571,23,98.3,2024
590,24,98.2,2024
83,25,98.1,2024
469,26,98.1,2024
345,27,97.6,2024
157,28,96.6,2024
38,29,96.4,2024
518,30,96.1,2024
674,31,96.0,2024
291,32,95.9,2024
626,33,95.4,2024
198,34,93.7,2024
211,35,93.5,2024
424,36,93.3,2024
599,37,93.2,2024
144,38,92.9,2024
475,39,92.8,2024
734,40,92.7,2024
560,41,92.4,2024
717,42,91.0,2024
89,43,90.2,2024
572,44,89.9,2024
94,45,89.7,2024
623,46,89.5,2024
234,47,89.1,2024
522,48,88.6,2024
93,49,88.4,2024
87,50,88.4,2024
127,51,87.3,2024
496,52,87.1,2024
671,53,85.7,2024
530,54,85.0,2024
533,55,84.7,2024
743,56,84.6,2024
427,57,84.6,2024
110,58,84.0,2024
564,59,83.9,2024
267,60,83.8,2024
690,61,83.7,2024
228,62,83.6,2024
359,63,83.3,2024
187,64,82.2,2024
691,65,81.6,2024
322,66,81.5,2024
115,67,81.3,2024
81,68,81.2,2024
558,69,81.2,2024
235,70,80.8,2024
305,71,80.2,2024
468,72,80.0,2024
117,73,79.6,2024
636,74,79.2,2024
165,75,78.3,2024
68,76,77.5,2024
19,77,76.3,2024
344,78,74.9,2024
586,79,74.4,2024
74,80,74.1,2024
528,81,73.8,2024
342,82,73.7,2024
202,83,73.2,2024
302,84,73.0,2024
461,85,72.4,2024
142,86,71.3,2024
525,87,71.2,2024
215,88,70.8,2024
646,89,70.3,2024
710,90,70.3,2024
663,91,69.5,2024
114,92,69.3,2024
90,93,69.3,2024
567,94,69.3,2024
400,95,69.1,2024
594,96,68.2,2024
388,97,68.1,2024
190,98,67.7,2024
385,99,67.5,2024
426,100,67.4,2024
82,101,66.6,2024
140,102,66.6,2024
595,103,65.4,2024
714,104,65.2,2024
252,105,65.1,2024
361,106,64.2,2024
363,107,63.9,2024
216,108,63.9,2024
84,109,63.2,2024
132,110,63.0,2024
45,111,62.7,2024
397,112,62.0,2024
666,113,61.7,2024
99,114,61.5,2024
299,115,61.4,2024
668,116,60.7,2024
610,117,60.4,2024
695,118,60.2,2024
166,119,60.1,2024
245,120,59.9,2024
214,121,59.7,2024
290,122,59.6,2024
262,123,59.6,2024
492,124,59.5,2024
489,125,59.4,2024
182,126,59.1,2024
736,127,59.0,2024
358,128,58.9,2024
548,129,58.8,2024
124,130,58.7,2024
226,131,58.3,2024
569,132,57.4,2024
113,133,57.3,2024
703,134,57.3,2024
659,135,56.8,2024
264,136,56.6,2024
606,137,56.2,2024
320,138,56.2,2024
100,139,55.8,2024
97,140,55.8,2024
285,141,55.5,2024
716,142,54.8,2024
414,143,54.5,2024
210,144,54.2,2024
657,145,54.1,2024
249,146,53.4,2024
656,147,53.1,2024
521,148,52.9,2024
248,149,52.5,2024
386,150,52.5,2024
373,151,52.4,2024
737,152,51.7,2024
539,153,51.6,2024
314,154,51.5,2024
617,155,51.4,2024
733,156,51.4,2024
612,157,51.3,2024
103,158,51.2,2024
719,159,51.2,2024
395,160,51.0,2024
412,161,50.5,2024
652,162,49.8,2024
562,163,49.7,2024
452,164,49.4,2024
723,165,49.2,2024
158,166,49.1,2024
284,167,49.0,2024
681,168,48.8,2024
730,169,48.7,2024
501,170,48.0,2024
520,171,48.0,2024
273,172,47.4,2024
515,173,47.3,2024
598,174,46.7,2024
233,175,46.6,2024
277,176,46.5,2024
298,177,46.3,2024
624,178,46.3,2024
254,179,46.1,2024
732,180,45.8,2024
377,181,45.7,2024
622,182,45.6,2024
680,183,45.5,2024
398,184,45.1,2024
479,186,44.8,2024
684,187,44.6,2024
669,188,44.5,2024
334,189,44.4,2024
713,190,44.4,2024
438,191,44.4,2024
504,192,44.0,2024
36,193,43.7,2024
538,194,43.5,2024
174,195,43.4,2024
387,196,43.3,2024
308,197,43.3,2024
462,198,43.2,2024
120,199,43.0,2024
333,200,42.4,2024
603,201,42.2,2024
152,202,41.5,2024
20,203,41.0,2024
240,204,40.9,2024
689,205,40.9,2024
491,206,40.9,2024
203,207,40.8,2024
394,208,40.7,2024
88,209,40.5,2024
146,210,40.5,2024
552,211,40.4,2024
76,212,40.1,2024
137,213,39.8,2024
642,214,39.8,2024
12,215,39.7,2024
192,216,39.6,2024
679,217,39.6,2024
693,218,39.5,2024
697,219,39.3,2024
510,220,38.8,2024
332,221,38.7,2024
375,222,38.7,2024
55,223,38.6,2024
181,224,38.6,2024
476,225,38.5,2024
615,226,38.5,2024
130,227,38.4,2024
534,228,37.9,2024
236,229,37.7,2024
328,230,37.6,2024
602,231,37.5,2024
402,232,37.3,2024
523,233,37.3,2024
270,234,36.9,2024
497,235,36.9,2024
111,236,36.9,2024
188,237,36.9,2024
324,238,36.4,2024
577,239,36.2,2024
317,240,36.1,2024
145,241,36.1,2024
217,242,35.8,2024
221,243,35.6,2024
460,244,35.6,2024
739,245,35.2,2024
557,246,35.1,2024
408,247,34.7,2024
316,248,34.5,2024
544,249,34.4,2024
698,250,34.4,2024
289,251,34.4,2024
471,252,34.3,2024
731,253,34.0,2024
78,254,34.0,2024
511,255,33.9,2024
205,256,33.8,2024
353,257,33.8,2024
516,258,33.6,2024
364,259,33.6,2024
653,260,33.5,2024
601,261,33.4,2024
692,263,33.2,2024
35,264,33.2,2024
486,265,32.9,2024
265,266,32.9,2024
446,267,32.9,2024
194,268,32.7,2024
565,269,32.7,2024
287,270,32.5,2024
7,271,32.4,2024
576,272,32.2,2024
312,273,32.1,2024
725,274,31.9,2024
672,275,31.6,2024
229,276,31.6,2024
405,277,31.5,2024
354,278,31.5,2024
279,279,31.3,2024
24,280,31.2,2024
244,281,31.0,2024
428,282,30.9,2024
724,283,30.5,2024
434,284,30.5,2024
367,285,30.5,2024
67,286,30.4,2024
563,287,30.3,2024
49,288,30.3,2024
404,289,30.2,2024
343,290,29.7,2024
231,291,29.6,2024
313,292,29.6,2024
531,293,29.5,2024
432,294,29.4,2024
418,295,29.3,2024
122,296,29.3,2024
629,297,29.1,2024
259,298,29.1,2024
126,299,29.0,2024
682,300,29.0,2024
641,301,28.9,2024
701,302,28.9,2024
439,303,28.9,2024
696,304,28.9,2024
478,305,28.7,2024
310,306,28.6,2024
123,307,28.6,2024
258,308,28.5,2024
685,309,28.4,2024
593,310,28.3,2024
57,311,28.3,2024
588,312,28.0,2024
526,313,28.0,2024
23,314,27.8,2024
633,315,27.8,2024
139,316,27.6,2024
639,317,27.5,2024
138,318,27.3,2024
537,319,27.3,2024
549,320,27.1,2024
340,321,27.1,2024
456,322,27.0,2024
112,323,26.9,2024
237,324,26.8,2024
109,325,26.7,2024
355,326,26.6,2024
357,327,26.6,2024
473,328,26.6,2024
500,329,26.5,2024
360,330,26.5,2024
91,331,26.5,2024
185,332,26.5,2024
487,333,26.4,2024
498,334,26.3,2024
288,335,26.3,2024
175,336,26.3,2024
543,337,26.2,2024
6,338,26.2,2024
619,339,26.1,2024
584,340,25.9,2024
163,341,25.7,2024
365,342,25.6,2024
524,343,25.5,2024
705,344,25.4,2024
213,345,25.4,2024
421,346,25.3,2024
550,347,25.2,2024
116,348,25.2,2024
413,349,25.1,2024
384,350,25.1,2024
14,351,25.0,2024
65,352,24.6,2024
297,353,24.4,2024
403,354,24.4,2024
655,355,24.4,2024
135,356,24.3,2024
62,357,24.2,2024
250,358,24.0,2024
256,359,23.9,2024
399,360,23.8,2024
708,361,23.7,2024
107,362,23.7,2024
490,363,23.7,2024
356,364,23.7,2024
28,365,23.6,2024
186,366,23.6,2024
232,367,23.5,2024
56,368,23.5,2024
286,369,23.4,2024
735,370,23.3,2024
455,371,23.2,2024
329,372,23.2,2024
658,373,23.1,2024
442,374,23.1,2024
369,375,23.1,2024
346,376,23.1,2024
199,377,23.0,2024
638,378,23.0,2024
33,379,23.0,2024
4,380,22.9,2024
451,381,22.9,2024
318,382,22.8,2024
306,383,22.8,2024
422,384,22.7,2024
542,385,22.7,2024
416,386,22.7,2024
161,387,22.7,2024
448,388,22.6,2024
42,389,22.6,2024
136,390,22.5,2024
263,391,22.5,2024
436,392,22.5,2024
728,393,22.4,2024
604,394,22.4,2024
300,395,22.4,2024
449,396,22.2,2024
366,397,22.2,2024
632,398,22.1,2024
429,399,21.6,2024
5,400,21.5,2024
561,401,21.5,2024
25,402,21.5,2024
509,403,21.5,2024
348,404,21.4,2024
70,405,21.4,2024
368,406,21.4,2024
574,407,21.3,2024
704,408,21.3,2024
591,409,21.3,2024
271,410,21.3,2024
330,411,21.2,2024
445,412,21.2,2024
60,413,21.2,2024
31,414,21.1,2024
643,415,21.1,2024
43,416,21.1,2024
573,417,21.0,2024
635,418,21.0,2024
587,419,21.0,2024
212,420,21.0,2024
26,421,20.9,2024
437,422,20.6,2024
435,423,20.6,2024
608,424,20.6,2024
50,425,20.5,2024
268,426,20.5,2024
275,427,20.4,2024
568,428,20.4,2024
380,429,20.4,2024
59,430,20.4,2024
338,431,20.4,2024
172,432,20.3,2024
607,433,20.2,2024
98,434,20.2,2024
225,435,20.1,2024
180,436,20.1,2024
191,437,20.1,2024
628,438,20.0,2024
532,439,20.0,2024
721,440,20.0,2024
378,441,20.0,2024
102,442,20.0,2024
409,443,19.9,2024
391,444,19.9,2024
547,445,19.8,2024
477,446,19.8,2024
499,447,19.8,2024
230,448,19.7,2024
283,449,19.7,2024
551,450,19.7,2024
362,451,19.7,2024
519,452,19.7,2024
119,453,19.6,2024
242,454,19.5,2024
224,455,19.5,2024
370,456,19.4,2024
79,457,19.4,2024
95,458,19.4,2024
238,459,19.4,2024
325,460,19.4,2024
389,461,19.4,2024
662,463,19.4,2024
686,464,19.3,2024
261,465,19.2,2024
164,466,19.2,2024
246,467,19.2,2024
239,468,19.1,2024
513,469,19.1,2024
177,470,19.0,2024
722,471,18.9,2024
581,472,18.9,2024
578,473,18.9,2024
443,474,18.8,2024
474,475,18.8,2024
39,476,18.7,2024
196,477,18.7,2024
631,478,18.6,2024
470,479,18.6,2024
168,480,18.5,2024
37,481,18.5,2024
280,482,18.5,2024
495,483,18.4,2024
488,484,18.4,2024
423,485,18.4,2024
741,486,18.4,2024
64,487,18.4,2024
77,488,18.3,2024
382,489,18.3,2024
527,491,18.2,2024
649,492,18.2,2024
611,493,18.2,2024
700,494,18.1,2024
150,495,18.1,2024
169,496,18.1,2024
410,497,18.1,2024
372,498,18.0,2024
592,499,18.0,2024
53,500,17.8,2024
